{
    "best_model": "LinearRegression",
    "LinearRegression": {
        "mse": 2.5744540039074106,
        "r2": 0.9608672432632828
    },
    "XGBoost": {
        "mse": 110.32883375239807,
        "r2": -0.677043522908318
    }
}